,lead_days,accuracy
0,1,0.8966210045662101
1,3,0.8962177964553262
2,7,0.8961418906564271
3,14,0.8964664957890882
4,30,0.8960705104663974
